<?xml version="1.0" standalone="yes"?>
<Comprobante>
  <Cabecera>
    <Contable>1</Contable>
    <Transferido>1</Transferido>
    <Extendido>1</Extendido>
    <Compania>PF</Compania>
    <AnoPeriodo>1401</AnoPeriodo>
    <Tipo>01</Tipo>
    <Numero>125</Numero>
    <Fecha>20140101</Fecha>
    <Clase>0</Clase>
    <Tasa>0</Tasa>
    <Descripcion>cmp pf</Descripcion>
    <Revertir>N</Revertir>
  </Cabecera>
  <Totales>
    <MonedaLocalDebe>250,00</MonedaLocalDebe>
    <MonedaLocalHaber>-290,00</MonedaLocalHaber>
    <MonedaExtDebe>0</MonedaExtDebe>
    <MonedaExtHaber>0</MonedaExtHaber>
    <Importe3Debe>0</Importe3Debe>
    <Importe3Haber>0</Importe3Haber>
    <NumeroApuntes>2</NumeroApuntes>
  </Totales>
  <Detalle>
    <Cuenta>143000</Cuenta>
    <Auxiliar1>01</Auxiliar1>
    <Auxiliar2>002</Auxiliar2>
    <Auxiliar3 />
    <DH>D</DH>
    <MonedaLocal>250,00</MonedaLocal>
    <MonedaExt>0</MonedaExt>
    <RU />
    <Descripcion>apunte 001</Descripcion>
    <Documento />
    <Fecha />
    <Vencimiento />
    <Importe3 />
    <Iva />
    <CifDni />
    <RowNumber>13</RowNumber>
    <PrefijoDoc />
    <NumFactAmp />
    <NumFactRectif />
    <FechaServIVA />
    <CampoUserAlfa1 />
    <CampoUserAlfa2 />
    <CampoUserAlfa3 />
    <CampoUserAlfa4 />
    <CampoUserAlfa5 />
    <CampoUserAlfa6 />
    <CampoUserAlfa7 />
    <CampoUserAlfa8 />
    <CampoUserNum1 />
    <CampoUserNum2 />
    <CampoUserFecha1 />
    <CampoUserFecha2 />
  </Detalle>
  <Detalle>
    <Cuenta>400400</Cuenta>
    <Auxiliar1>001</Auxiliar1>
    <Auxiliar2 />
    <Auxiliar3 />
    <DH>H</DH>
    <MonedaLocal>-290,00</MonedaLocal>
    <MonedaExt>0</MonedaExt>
    <RU />
    <Descripcion>apunte 002</Descripcion>
    <Documento>14-0005456</Documento>
    <Fecha>10101</Fecha>
    <Vencimiento>10101</Vencimiento>
    <Importe3 />
    <Iva />
    <CifDni />
    <RowNumber>14</RowNumber>
    <PrefijoDoc />
    <NumFactAmp />
    <NumFactRectif />
    <FechaServIVA />
    <CampoUserAlfa1 />
    <CampoUserAlfa2 />
    <CampoUserAlfa3 />
    <CampoUserAlfa4 />
    <CampoUserAlfa5 />
    <CampoUserAlfa6 />
    <CampoUserAlfa7 />
    <CampoUserAlfa8 />
    <CampoUserNum1 />
    <CampoUserNum2 />
    <CampoUserFecha1 />
    <CampoUserFecha2 />
  </Detalle>
  <Detalle>
    <Fecha />
    <Vencimiento />
    <PrefijoDoc />
    <NumFactAmp />
    <NumFactRectif />
    <FechaServIVA />
    <CampoUserAlfa1 />
    <CampoUserAlfa2 />
    <CampoUserAlfa3 />
    <CampoUserAlfa4 />
    <CampoUserAlfa5 />
    <CampoUserAlfa6 />
    <CampoUserAlfa7 />
    <CampoUserAlfa8 />
    <CampoUserNum1 />
    <CampoUserNum2 />
    <CampoUserFecha1 />
    <CampoUserFecha2 />
  </Detalle>
</Comprobante>