<?xml version="1.0" standalone="yes"?>
<Comprobante>
  <Cabecera>
    <Contable>1</Contable>
    <Transferido>0</Transferido>
    <Extendido>1</Extendido>
    <Compania>W1</Compania>
    <AnoPeriodo>1212</AnoPeriodo>
    <Tipo>01</Tipo>
    <Numero>3</Numero>
    <Fecha>20121212</Fecha>
    <Clase>0</Clase>
    <Tasa />
    <Descripcion>Test Extendido</Descripcion>
    <Revertir>N</Revertir>
  </Cabecera>
  <Totales>
    <MonedaLocalDebe>4000,00</MonedaLocalDebe>
    <MonedaLocalHaber>1000,00</MonedaLocalHaber>
    <MonedaExtDebe>0,00</MonedaExtDebe>
    <MonedaExtHaber>0,00</MonedaExtHaber>
    <Importe3Debe>0,00</Importe3Debe>
    <Importe3Haber>1000,00</Importe3Haber>
    <NumeroApuntes>8</NumeroApuntes>
  </Totales>
  <Detalle>
    <Cuenta>02000</Cuenta>
    <Auxiliar1 />
    <Auxiliar2 />
    <Auxiliar3 />
    <DH />
    <MonedaLocal>0</MonedaLocal>
    <MonedaExt />
    <RU />
    <Descripcion />
    <Documento />
    <Fecha />
    <Vencimiento />
    <Documento2 />
    <Importe3 />
    <Iva />
    <CifDni />
    <PrefijoDoc />
    <NumFactAmp />
    <NumFactRectif />
    <FechaServIVA />
    <CampoUserAlfa1 />
    <CampoUserAlfa2 />
    <CampoUserAlfa3 />
    <CampoUserAlfa4 />
    <CampoUserAlfa5 />
    <CampoUserAlfa6 />
    <CampoUserAlfa7 />
    <CampoUserAlfa8 />
    <CampoUserNum1>0</CampoUserNum1>
    <CampoUserNum2>0</CampoUserNum2>
    <CampoUserFecha1 />
    <CampoUserFecha2 />
  </Detalle>
  <Detalle>
    <Cuenta>02000</Cuenta>
    <Auxiliar1 />
    <Auxiliar2 />
    <Auxiliar3 />
    <DH>D</DH>
    <MonedaLocal>1.000,00</MonedaLocal>
    <MonedaExt />
    <RU />
    <Descripcion />
    <Documento />
    <Fecha />
    <Vencimiento />
    <Documento2 />
    <Importe3 />
    <Iva />
    <CifDni />
    <PrefijoDoc>15245</PrefijoDoc>
    <NumFactAmp />
    <NumFactRectif />
    <FechaServIVA />
    <CampoUserAlfa1>BOT000</CampoUserAlfa1>
    <CampoUserAlfa2 />
    <CampoUserAlfa3 />
    <CampoUserAlfa4 />
    <CampoUserAlfa5 />
    <CampoUserAlfa6 />
    <CampoUserAlfa7 />
    <CampoUserAlfa8 />
    <CampoUserNum1>0</CampoUserNum1>
    <CampoUserNum2>0</CampoUserNum2>
    <CampoUserFecha1 />
    <CampoUserFecha2 />
  </Detalle>
  <Detalle>
    <Cuenta>40000</Cuenta>
    <Auxiliar1>190</Auxiliar1>
    <Auxiliar2 />
    <Auxiliar3 />
    <DH>H</DH>
    <MonedaLocal>1.000,00</MonedaLocal>
    <MonedaExt />
    <RU>TR</RU>
    <Descripcion>frgrg</Descripcion>
    <Documento>00-1111111</Documento>
    <Fecha>20120201</Fecha>
    <Vencimiento>20121212</Vencimiento>
    <Documento2>* -000000000</Documento2>
    <Importe3>1.000,00</Importe3>
    <Iva />
    <CifDni />
    <PrefijoDoc>15234</PrefijoDoc>
    <NumFactAmp>1212121</NumFactAmp>
    <NumFactRectif>21212</NumFactRectif>
    <FechaServIVA>20121212</FechaServIVA>
    <CampoUserAlfa1>BOT000</CampoUserAlfa1>
    <CampoUserAlfa2>09</CampoUserAlfa2>
    <CampoUserAlfa3 />
    <CampoUserAlfa4 />
    <CampoUserAlfa5 />
    <CampoUserAlfa6 />
    <CampoUserAlfa7 />
    <CampoUserAlfa8 />
    <CampoUserNum1>0</CampoUserNum1>
    <CampoUserNum2>0</CampoUserNum2>
    <CampoUserFecha1 />
    <CampoUserFecha2 />
  </Detalle>
  <Detalle>
    <Cuenta>60000</Cuenta>
    <Auxiliar1 />
    <Auxiliar2 />
    <Auxiliar3 />
    <DH />
    <MonedaLocal>0</MonedaLocal>
    <MonedaExt />
    <RU />
    <Descripcion />
    <Documento />
    <Fecha />
    <Vencimiento />
    <Documento2 />
    <Importe3 />
    <Iva />
    <CifDni />
    <PrefijoDoc />
    <NumFactAmp />
    <NumFactRectif />
    <FechaServIVA />
    <CampoUserAlfa1 />
    <CampoUserAlfa2 />
    <CampoUserAlfa3 />
    <CampoUserAlfa4 />
    <CampoUserAlfa5 />
    <CampoUserAlfa6 />
    <CampoUserAlfa7 />
    <CampoUserAlfa8 />
    <CampoUserNum1>0</CampoUserNum1>
    <CampoUserNum2>0</CampoUserNum2>
    <CampoUserFecha1 />
    <CampoUserFecha2 />
  </Detalle>
  <Detalle>
    <Cuenta>60000</Cuenta>
    <Auxiliar1 />
    <Auxiliar2 />
    <Auxiliar3 />
    <DH>D</DH>
    <MonedaLocal>1.000,00</MonedaLocal>
    <MonedaExt />
    <RU />
    <Descripcion>gtgtg</Descripcion>
    <Documento />
    <Fecha />
    <Vencimiento />
    <Documento2 />
    <Importe3 />
    <Iva />
    <CifDni />
    <PrefijoDoc />
    <NumFactAmp>54545</NumFactAmp>
    <NumFactRectif />
    <FechaServIVA />
    <CampoUserAlfa1 />
    <CampoUserAlfa2 />
    <CampoUserAlfa3 />
    <CampoUserAlfa4 />
    <CampoUserAlfa5 />
    <CampoUserAlfa6 />
    <CampoUserAlfa7 />
    <CampoUserAlfa8 />
    <CampoUserNum1>0</CampoUserNum1>
    <CampoUserNum2>0</CampoUserNum2>
    <CampoUserFecha1 />
    <CampoUserFecha2 />
  </Detalle>
  <Detalle>
    <Cuenta>43000</Cuenta>
    <Auxiliar1 />
    <Auxiliar2 />
    <Auxiliar3 />
    <DH />
    <MonedaLocal>0</MonedaLocal>
    <MonedaExt />
    <RU />
    <Descripcion />
    <Documento />
    <Fecha />
    <Vencimiento />
    <Documento2>* -000000000</Documento2>
    <Importe3 />
    <Iva />
    <CifDni />
    <PrefijoDoc />
    <NumFactAmp />
    <NumFactRectif />
    <FechaServIVA />
    <CampoUserAlfa1 />
    <CampoUserAlfa2 />
    <CampoUserAlfa3 />
    <CampoUserAlfa4 />
    <CampoUserAlfa5 />
    <CampoUserAlfa6 />
    <CampoUserAlfa7 />
    <CampoUserAlfa8 />
    <CampoUserNum1>0</CampoUserNum1>
    <CampoUserNum2>0</CampoUserNum2>
    <CampoUserFecha1 />
    <CampoUserFecha2 />
  </Detalle>
  <Detalle>
    <Cuenta>43000</Cuenta>
    <Auxiliar1>190</Auxiliar1>
    <Auxiliar2 />
    <Auxiliar3 />
    <DH>D</DH>
    <MonedaLocal>1.000,00</MonedaLocal>
    <MonedaExt />
    <RU />
    <Descripcion>hyhyhy</Descripcion>
    <Documento>22-2222222</Documento>
    <Fecha>20121212</Fecha>
    <Vencimiento>20121212</Vencimiento>
    <Documento2>* -000000000</Documento2>
    <Importe3 />
    <Iva />
    <CifDni />
    <PrefijoDoc />
    <NumFactAmp />
    <NumFactRectif />
    <FechaServIVA />
    <CampoUserAlfa1 />
    <CampoUserAlfa2 />
    <CampoUserAlfa3 />
    <CampoUserAlfa4 />
    <CampoUserAlfa5 />
    <CampoUserAlfa6 />
    <CampoUserAlfa7 />
    <CampoUserAlfa8 />
    <CampoUserNum1>0</CampoUserNum1>
    <CampoUserNum2>0</CampoUserNum2>
    <CampoUserFecha1 />
    <CampoUserFecha2 />
  </Detalle>
  <Detalle>
    <Cuenta>49000</Cuenta>
    <Auxiliar1 />
    <Auxiliar2 />
    <Auxiliar3 />
    <DH>D</DH>
    <MonedaLocal>1.000,00</MonedaLocal>
    <MonedaExt />
    <RU />
    <Descripcion>hghg</Descripcion>
    <Documento />
    <Fecha />
    <Vencimiento />
    <Documento2 />
    <Importe3 />
    <Iva />
    <CifDni />
    <PrefijoDoc />
    <NumFactAmp />
    <NumFactRectif />
    <FechaServIVA />
    <CampoUserAlfa1>25255</CampoUserAlfa1>
    <CampoUserAlfa2 />
    <CampoUserAlfa3>1234567</CampoUserAlfa3>
    <CampoUserAlfa4 />
    <CampoUserAlfa5 />
    <CampoUserAlfa6 />
    <CampoUserAlfa7 />
    <CampoUserAlfa8 />
    <CampoUserNum1>0</CampoUserNum1>
    <CampoUserNum2>0</CampoUserNum2>
    <CampoUserFecha1 />
    <CampoUserFecha2 />
  </Detalle>
  <Detalle />
</Comprobante>