<?xml version="1.0" standalone="yes"?>
<Comprobante>
  <Cabecera>
    <Contable>1</Contable>
    <Transferido>1</Transferido>
    <Extendido>1</Extendido>
    <Compania>SA</Compania>
    <AnoPeriodo>1905</AnoPeriodo>
    <Tipo>47</Tipo>
    <Numero />
    <Fecha>20190510</Fecha>
    <Clase>0</Clase>
    <Tasa>0,0000000</Tasa>
    <Descripcion>FRAS. EMITIDAS</Descripcion>
    <Revertir>N</Revertir>
  </Cabecera>
  <Totales>
    <MonedaLocalDebe>38264,53</MonedaLocalDebe>
    <MonedaLocalHaber>-38264,53</MonedaLocalHaber>
    <MonedaExtDebe>0,00</MonedaExtDebe>
    <MonedaExtHaber>0,00</MonedaExtHaber>
    <Importe3Debe>0,00</Importe3Debe>
    <Importe3Haber>-31623,57</Importe3Haber>
    <NumeroApuntes>15</NumeroApuntes>
  </Totales>
  <Detalle>
    <Cuenta>430000</Cuenta>
    <Auxiliar1>SC01</Auxiliar1>
    <Auxiliar2 />
    <Auxiliar3 />
    <DH>D</DH>
    <MonedaLocal>7.074,06</MonedaLocal>
    <MonedaExt>0,00</MonedaExt>
    <RU />
    <Descripcion>VENTAS DEL MES</Descripcion>
    <Documento>19-0000101</Documento>
    <Fecha>20190510</Fecha>
    <Vencimiento>20190615</Vencimiento>
    <Documento2>* -000000000</Documento2>
    <Importe3>0,00</Importe3>
    <Iva />
    <CifDni />
    <PrefijoDoc />
    <NumFactAmp />
    <NumFactRectif />
    <FechaServIVA />
    <CampoUserAlfa1 />
    <CampoUserAlfa2 />
    <CampoUserAlfa3 />
    <CampoUserAlfa4 />
    <CampoUserAlfa5 />
    <CampoUserAlfa6 />
    <CampoUserAlfa7 />
    <CampoUserAlfa8 />
    <CampoUserNum1>0,00</CampoUserNum1>
    <CampoUserNum2>0,00</CampoUserNum2>
    <CampoUserFecha1 />
    <CampoUserFecha2 />
  </Detalle>
  <Detalle>
    <Cuenta>472020</Cuenta>
    <Auxiliar1 />
    <Auxiliar2 />
    <Auxiliar3 />
    <DH>H</DH>
    <MonedaLocal>-1.227,73</MonedaLocal>
    <MonedaExt>0,00</MonedaExt>
    <RU />
    <Descripcion>VENTAS DEL MES</Descripcion>
    <Documento />
    <Fecha>20190510</Fecha>
    <Vencimiento />
    <Documento2>19-000000101</Documento2>
    <Importe3>-5.846,33</Importe3>
    <Iva>E1</Iva>
    <CifDni>A30080220</CifDni>
    <PrefijoDoc />
    <NumFactAmp>654654321</NumFactAmp>
    <NumFactRectif />
    <FechaServIVA />
    <CampoUserAlfa1 />
    <CampoUserAlfa2 />
    <CampoUserAlfa3 />
    <CampoUserAlfa4 />
    <CampoUserAlfa5 />
    <CampoUserAlfa6 />
    <CampoUserAlfa7 />
    <CampoUserAlfa8 />
    <CampoUserNum1>0,00</CampoUserNum1>
    <CampoUserNum2>0,00</CampoUserNum2>
    <CampoUserFecha1 />
    <CampoUserFecha2 />
  </Detalle>
  <Detalle>
    <Cuenta>701101</Cuenta>
    <Auxiliar1>SV01</Auxiliar1>
    <Auxiliar2 />
    <Auxiliar3 />
    <DH>H</DH>
    <MonedaLocal>-5.846,33</MonedaLocal>
    <MonedaExt>0,00</MonedaExt>
    <RU />
    <Descripcion>COMPRA S1-NOVOGRAF S.A.</Descripcion>
    <Documento />
    <Fecha />
    <Vencimiento />
    <Documento2 />
    <Importe3>0,00</Importe3>
    <Iva />
    <CifDni />
    <PrefijoDoc />
    <NumFactAmp />
    <NumFactRectif />
    <FechaServIVA />
    <CampoUserAlfa1 />
    <CampoUserAlfa2 />
    <CampoUserAlfa3 />
    <CampoUserAlfa4 />
    <CampoUserAlfa5 />
    <CampoUserAlfa6 />
    <CampoUserAlfa7 />
    <CampoUserAlfa8 />
    <CampoUserNum1>0,00</CampoUserNum1>
    <CampoUserNum2>0,00</CampoUserNum2>
    <CampoUserFecha1 />
    <CampoUserFecha2 />
  </Detalle>
  <Detalle>
    <Cuenta>430000</Cuenta>
    <Auxiliar1>CU01</Auxiliar1>
    <Auxiliar2 />
    <Auxiliar3 />
    <DH>D</DH>
    <MonedaLocal>9.554,95</MonedaLocal>
    <MonedaExt>0,00</MonedaExt>
    <RU />
    <Descripcion>VENTAS DEL MES</Descripcion>
    <Documento>19-0000511</Documento>
    <Fecha>20190510</Fecha>
    <Vencimiento>20190615</Vencimiento>
    <Documento2>* -000000000</Documento2>
    <Importe3>0,00</Importe3>
    <Iva />
    <CifDni />
    <PrefijoDoc />
    <NumFactAmp />
    <NumFactRectif />
    <FechaServIVA />
    <CampoUserAlfa1 />
    <CampoUserAlfa2 />
    <CampoUserAlfa3 />
    <CampoUserAlfa4 />
    <CampoUserAlfa5 />
    <CampoUserAlfa6 />
    <CampoUserAlfa7 />
    <CampoUserAlfa8 />
    <CampoUserNum1>0,00</CampoUserNum1>
    <CampoUserNum2>0,00</CampoUserNum2>
    <CampoUserFecha1 />
    <CampoUserFecha2 />
  </Detalle>
  <Detalle>
    <Cuenta>472020</Cuenta>
    <Auxiliar1 />
    <Auxiliar2 />
    <Auxiliar3 />
    <DH>H</DH>
    <MonedaLocal>-1.658,30</MonedaLocal>
    <MonedaExt>0,00</MonedaExt>
    <RU />
    <Descripcion>VENTAS DEL MES</Descripcion>
    <Documento />
    <Fecha>20190510</Fecha>
    <Vencimiento />
    <Documento2>19-000000511</Documento2>
    <Importe3>-7.896,65</Importe3>
    <Iva>E1</Iva>
    <CifDni>FR251478458</CifDni>
    <PrefijoDoc />
    <NumFactAmp>55277</NumFactAmp>
    <NumFactRectif />
    <FechaServIVA />
    <CampoUserAlfa1 />
    <CampoUserAlfa2 />
    <CampoUserAlfa3 />
    <CampoUserAlfa4 />
    <CampoUserAlfa5 />
    <CampoUserAlfa6 />
    <CampoUserAlfa7 />
    <CampoUserAlfa8 />
    <CampoUserNum1>0,00</CampoUserNum1>
    <CampoUserNum2>0,00</CampoUserNum2>
    <CampoUserFecha1 />
    <CampoUserFecha2 />
  </Detalle>
  <Detalle>
    <Cuenta>701101</Cuenta>
    <Auxiliar1>SV01</Auxiliar1>
    <Auxiliar2 />
    <Auxiliar3 />
    <DH>H</DH>
    <MonedaLocal>-7.896,65</MonedaLocal>
    <MonedaExt>0,00</MonedaExt>
    <RU />
    <Descripcion>COMPRA S1-MARCELL DELVAILLE SLU</Descripcion>
    <Documento />
    <Fecha />
    <Vencimiento />
    <Documento2 />
    <Importe3>0,00</Importe3>
    <Iva />
    <CifDni />
    <PrefijoDoc />
    <NumFactAmp />
    <NumFactRectif />
    <FechaServIVA />
    <CampoUserAlfa1 />
    <CampoUserAlfa2 />
    <CampoUserAlfa3 />
    <CampoUserAlfa4 />
    <CampoUserAlfa5 />
    <CampoUserAlfa6 />
    <CampoUserAlfa7 />
    <CampoUserAlfa8 />
    <CampoUserNum1>0,00</CampoUserNum1>
    <CampoUserNum2>0,00</CampoUserNum2>
    <CampoUserFecha1 />
    <CampoUserFecha2 />
  </Detalle>
  <Detalle>
    <Cuenta>430000</Cuenta>
    <Auxiliar1>SC03</Auxiliar1>
    <Auxiliar2 />
    <Auxiliar3 />
    <DH>D</DH>
    <MonedaLocal>6.565,45</MonedaLocal>
    <MonedaExt>0,00</MonedaExt>
    <RU />
    <Descripcion>Fra. nº 18-69 S1-YOLANDA TRUJILLO DE</Descripcion>
    <Documento>18-0000069</Documento>
    <Fecha>20190510</Fecha>
    <Vencimiento>20190615</Vencimiento>
    <Documento2>* -000000000</Documento2>
    <Importe3>0,00</Importe3>
    <Iva />
    <CifDni />
    <PrefijoDoc />
    <NumFactAmp />
    <NumFactRectif />
    <FechaServIVA />
    <CampoUserAlfa1 />
    <CampoUserAlfa2 />
    <CampoUserAlfa3 />
    <CampoUserAlfa4 />
    <CampoUserAlfa5 />
    <CampoUserAlfa6 />
    <CampoUserAlfa7 />
    <CampoUserAlfa8 />
    <CampoUserNum1>0,00</CampoUserNum1>
    <CampoUserNum2>0,00</CampoUserNum2>
    <CampoUserFecha1 />
    <CampoUserFecha2 />
  </Detalle>
  <Detalle>
    <Cuenta>472020</Cuenta>
    <Auxiliar1 />
    <Auxiliar2 />
    <Auxiliar3 />
    <DH>H</DH>
    <MonedaLocal>-1.139,46</MonedaLocal>
    <MonedaExt>0,00</MonedaExt>
    <RU />
    <Descripcion>VENTAS DEL MES</Descripcion>
    <Documento />
    <Fecha>20190510</Fecha>
    <Vencimiento />
    <Documento2>18-000000069</Documento2>
    <Importe3>-5.425,99</Importe3>
    <Iva>E1</Iva>
    <CifDni>A28208601</CifDni>
    <PrefijoDoc />
    <NumFactAmp>55252</NumFactAmp>
    <NumFactRectif />
    <FechaServIVA />
    <CampoUserAlfa1 />
    <CampoUserAlfa2 />
    <CampoUserAlfa3 />
    <CampoUserAlfa4 />
    <CampoUserAlfa5 />
    <CampoUserAlfa6 />
    <CampoUserAlfa7 />
    <CampoUserAlfa8 />
    <CampoUserNum1>0,00</CampoUserNum1>
    <CampoUserNum2>0,00</CampoUserNum2>
    <CampoUserFecha1 />
    <CampoUserFecha2 />
  </Detalle>
  <Detalle>
    <Cuenta>701101</Cuenta>
    <Auxiliar1>SV03</Auxiliar1>
    <Auxiliar2 />
    <Auxiliar3 />
    <DH>H</DH>
    <MonedaLocal>-5.425,99</MonedaLocal>
    <MonedaExt>0,00</MonedaExt>
    <RU />
    <Descripcion>COMPRA S1-YOLANDA TRUJILLO DEL CASTI</Descripcion>
    <Documento />
    <Fecha />
    <Vencimiento />
    <Documento2 />
    <Importe3>0,00</Importe3>
    <Iva />
    <CifDni />
    <PrefijoDoc />
    <NumFactAmp />
    <NumFactRectif />
    <FechaServIVA />
    <CampoUserAlfa1 />
    <CampoUserAlfa2 />
    <CampoUserAlfa3 />
    <CampoUserAlfa4 />
    <CampoUserAlfa5 />
    <CampoUserAlfa6 />
    <CampoUserAlfa7 />
    <CampoUserAlfa8 />
    <CampoUserNum1>0,00</CampoUserNum1>
    <CampoUserNum2>0,00</CampoUserNum2>
    <CampoUserFecha1 />
    <CampoUserFecha2 />
  </Detalle>
  <Detalle>
    <Cuenta>430000</Cuenta>
    <Auxiliar1>SC04</Auxiliar1>
    <Auxiliar2 />
    <Auxiliar3 />
    <DH>D</DH>
    <MonedaLocal>8.432,49</MonedaLocal>
    <MonedaExt>0,00</MonedaExt>
    <RU />
    <Descripcion>Fra. nº 19-569 SC04-MONTSERRAT INIES</Descripcion>
    <Documento>19-0000569</Documento>
    <Fecha>20190510</Fecha>
    <Vencimiento>20190615</Vencimiento>
    <Documento2>* -000000000</Documento2>
    <Importe3>0,00</Importe3>
    <Iva />
    <CifDni />
    <PrefijoDoc />
    <NumFactAmp />
    <NumFactRectif />
    <FechaServIVA />
    <CampoUserAlfa1 />
    <CampoUserAlfa2 />
    <CampoUserAlfa3 />
    <CampoUserAlfa4 />
    <CampoUserAlfa5 />
    <CampoUserAlfa6 />
    <CampoUserAlfa7 />
    <CampoUserAlfa8 />
    <CampoUserNum1>0,00</CampoUserNum1>
    <CampoUserNum2>0,00</CampoUserNum2>
    <CampoUserFecha1 />
    <CampoUserFecha2 />
  </Detalle>
  <Detalle>
    <Cuenta>472020</Cuenta>
    <Auxiliar1 />
    <Auxiliar2 />
    <Auxiliar3 />
    <DH>H</DH>
    <MonedaLocal>-1.463,49</MonedaLocal>
    <MonedaExt>0,00</MonedaExt>
    <RU />
    <Descripcion>Fra. nº 19-569 SC04-MONTSERRAT INIES</Descripcion>
    <Documento />
    <Fecha>20190510</Fecha>
    <Vencimiento />
    <Documento2>19-000000569</Documento2>
    <Importe3>-6.969,00</Importe3>
    <Iva>E1</Iva>
    <CifDni>A30017446</CifDni>
    <PrefijoDoc />
    <NumFactAmp>674654654654654</NumFactAmp>
    <NumFactRectif />
    <FechaServIVA />
    <CampoUserAlfa1 />
    <CampoUserAlfa2 />
    <CampoUserAlfa3 />
    <CampoUserAlfa4 />
    <CampoUserAlfa5 />
    <CampoUserAlfa6 />
    <CampoUserAlfa7 />
    <CampoUserAlfa8 />
    <CampoUserNum1>0,00</CampoUserNum1>
    <CampoUserNum2>0,00</CampoUserNum2>
    <CampoUserFecha1 />
    <CampoUserFecha2 />
  </Detalle>
  <Detalle>
    <Cuenta>701101</Cuenta>
    <Auxiliar1>SV03</Auxiliar1>
    <Auxiliar2 />
    <Auxiliar3 />
    <DH>H</DH>
    <MonedaLocal>-6.969,00</MonedaLocal>
    <MonedaExt>0,00</MonedaExt>
    <RU />
    <Descripcion>Fra. nº 19-569 SC04-MONTSERRAT INIES</Descripcion>
    <Documento />
    <Fecha />
    <Vencimiento />
    <Documento2 />
    <Importe3>0,00</Importe3>
    <Iva />
    <CifDni />
    <PrefijoDoc />
    <NumFactAmp />
    <NumFactRectif />
    <FechaServIVA />
    <CampoUserAlfa1 />
    <CampoUserAlfa2 />
    <CampoUserAlfa3 />
    <CampoUserAlfa4 />
    <CampoUserAlfa5 />
    <CampoUserAlfa6 />
    <CampoUserAlfa7 />
    <CampoUserAlfa8 />
    <CampoUserNum1>0,00</CampoUserNum1>
    <CampoUserNum2>0,00</CampoUserNum2>
    <CampoUserFecha1 />
    <CampoUserFecha2 />
  </Detalle>
  <Detalle>
    <Cuenta>430000</Cuenta>
    <Auxiliar1>SC02</Auxiliar1>
    <Auxiliar2 />
    <Auxiliar3 />
    <DH>D</DH>
    <MonedaLocal>6.637,58</MonedaLocal>
    <MonedaExt>0,00</MonedaExt>
    <RU />
    <Descripcion>Fra. nº 19-565 SC02-ANA DIAZ DIES</Descripcion>
    <Documento>19-0000565</Documento>
    <Fecha>20190510</Fecha>
    <Vencimiento>20190615</Vencimiento>
    <Documento2>* -000000000</Documento2>
    <Importe3>0,00</Importe3>
    <Iva />
    <CifDni />
    <PrefijoDoc />
    <NumFactAmp />
    <NumFactRectif />
    <FechaServIVA />
    <CampoUserAlfa1 />
    <CampoUserAlfa2 />
    <CampoUserAlfa3 />
    <CampoUserAlfa4 />
    <CampoUserAlfa5 />
    <CampoUserAlfa6 />
    <CampoUserAlfa7 />
    <CampoUserAlfa8 />
    <CampoUserNum1>0,00</CampoUserNum1>
    <CampoUserNum2>0,00</CampoUserNum2>
    <CampoUserFecha1 />
    <CampoUserFecha2 />
  </Detalle>
  <Detalle>
    <Cuenta>472020</Cuenta>
    <Auxiliar1 />
    <Auxiliar2 />
    <Auxiliar3 />
    <DH>H</DH>
    <MonedaLocal>-1.151,98</MonedaLocal>
    <MonedaExt>0,00</MonedaExt>
    <RU />
    <Descripcion>Fra. nº 19-565 SC02-ANA DIAZ DIES</Descripcion>
    <Documento />
    <Fecha>20190510</Fecha>
    <Vencimiento />
    <Documento2>19-000000565</Documento2>
    <Importe3>-5.485,60</Importe3>
    <Iva>E1</Iva>
    <CifDni>B30014369</CifDni>
    <PrefijoDoc />
    <NumFactAmp>49846</NumFactAmp>
    <NumFactRectif />
    <FechaServIVA />
    <CampoUserAlfa1 />
    <CampoUserAlfa2 />
    <CampoUserAlfa3 />
    <CampoUserAlfa4 />
    <CampoUserAlfa5 />
    <CampoUserAlfa6 />
    <CampoUserAlfa7 />
    <CampoUserAlfa8 />
    <CampoUserNum1>0,00</CampoUserNum1>
    <CampoUserNum2>0,00</CampoUserNum2>
    <CampoUserFecha1 />
    <CampoUserFecha2 />
  </Detalle>
  <Detalle>
    <Cuenta>701101</Cuenta>
    <Auxiliar1>SV01</Auxiliar1>
    <Auxiliar2 />
    <Auxiliar3 />
    <DH>H</DH>
    <MonedaLocal>-5.485,60</MonedaLocal>
    <MonedaExt>0,00</MonedaExt>
    <RU />
    <Descripcion>Fra. nº 19-565 SC02-ANA DIAZ DIES</Descripcion>
    <Documento />
    <Fecha />
    <Vencimiento />
    <Documento2 />
    <Importe3>0,00</Importe3>
    <Iva />
    <CifDni />
    <PrefijoDoc />
    <NumFactAmp />
    <NumFactRectif />
    <FechaServIVA />
    <CampoUserAlfa1 />
    <CampoUserAlfa2 />
    <CampoUserAlfa3 />
    <CampoUserAlfa4 />
    <CampoUserAlfa5 />
    <CampoUserAlfa6 />
    <CampoUserAlfa7 />
    <CampoUserAlfa8 />
    <CampoUserNum1>0,00</CampoUserNum1>
    <CampoUserNum2>0,00</CampoUserNum2>
    <CampoUserFecha1 />
    <CampoUserFecha2 />
  </Detalle>
  <Detalle />
</Comprobante>