<?xml version="1.0" standalone="yes"?>
<Comprobante>
  <Cabecera>
    <Contable>1</Contable>
    <Transferido>0</Transferido>
    <Extendido>1</Extendido>
    <Compania>SA</Compania>
    <AnoPeriodo>1610</AnoPeriodo>
    <Tipo>47</Tipo>
    <Numero />
    <Fecha>20161017</Fecha>
    <Clase>0</Clase>
    <Tasa />
    <Descripcion>adsfasdf</Descripcion>
    <Revertir>N</Revertir>
  </Cabecera>
  <Totales>
    <MonedaLocalDebe>1520,20</MonedaLocalDebe>
    <MonedaLocalHaber>-1520,20</MonedaLocalHaber>
    <MonedaExtDebe>0,00</MonedaExtDebe>
    <MonedaExtHaber>0,00</MonedaExtHaber>
    <Importe3Debe>1256,36</Importe3Debe>
    <Importe3Haber>0,00</Importe3Haber>
    <NumeroApuntes>3</NumeroApuntes>
  </Totales>
  <Detalle>
    <Cuenta>600102</Cuenta>
    <Auxiliar1>SG01</Auxiliar1>
    <Auxiliar2 />
    <Auxiliar3 />
    <DH>D</DH>
    <MonedaLocal>1.256,36</MonedaLocal>
    <MonedaExt>0,00</MonedaExt>
    <RU />
    <Descripcion>sdfsdf</Descripcion>
    <Documento />
    <Fecha />
    <Vencimiento />
    <Documento2 />
    <Importe3 />
    <Iva />
    <CifDni />
    <PrefijoDoc />
    <NumFactAmp />
    <NumFactRectif />
    <FechaServIVA />
    <CampoUserAlfa1 />
    <CampoUserAlfa2 />
    <CampoUserAlfa3 />
    <CampoUserAlfa4 />
    <CampoUserAlfa5 />
    <CampoUserAlfa6 />
    <CampoUserAlfa7 />
    <CampoUserAlfa8 />
    <CampoUserNum1 />
    <CampoUserNum2 />
    <CampoUserFecha1 />
    <CampoUserFecha2 />
  </Detalle>
  <Detalle>
    <Cuenta>400000</Cuenta>
    <Auxiliar1>SP01</Auxiliar1>
    <Auxiliar2 />
    <Auxiliar3 />
    <DH>H</DH>
    <MonedaLocal>-1.520,20</MonedaLocal>
    <MonedaExt>0,00</MonedaExt>
    <Descripcion>yhrtyh</Descripcion>
    <Documento>16-1017</Documento>
    <Fecha>20161001</Fecha>
    <Vencimiento>20161025</Vencimiento>
    <Documento2>* -000000000</Documento2>
    <Importe3>0,00</Importe3>
    <Iva />
    <CampoUserFecha1 />
    <CampoUserFecha2 />
  </Detalle>
  <Detalle>
    <Cuenta>472000</Cuenta>
    <Auxiliar1 />
    <Auxiliar2 />
    <Auxiliar3 />
    <DH>D</DH>
    <MonedaLocal>263,84</MonedaLocal>
    <MonedaExt>0,00</MonedaExt>
    <Descripcion>rewtwtwt</Descripcion>
    <Documento />
    <Fecha>20161001</Fecha>
    <Vencimiento />
    <Documento2>10-1617</Documento2>
    <Importe3>1.256,36</Importe3>
    <Iva>SB</Iva>
    <CifDni>37286206D</CifDni>
    <CampoUserFecha1 />
    <CampoUserFecha2 />
  </Detalle>
</Comprobante>