<?xml version="1.0" standalone="yes"?>
<Comprobante>
  <Cabecera>
    <Contable>0</Contable>
    <Transferido>0</Transferido>
    <Compania>SA</Compania>
    <AnoPeriodo>1911</AnoPeriodo>
    <Tipo>47</Tipo>
    <Numero />
    <Fecha>20191107</Fecha>
    <AnoPeriodoDesde>1909</AnoPeriodoDesde>
    <AnoPeriodoHasta>1912</AnoPeriodoHasta>
    <Descripcion>SMR</Descripcion>
    <TipoExtDefecto>CF</TipoExtDefecto>
    <AcumularImportes>1</AcumularImportes>
  </Cabecera>
  <Totales>
    <MonedaLocalDebe>123.843,12</MonedaLocalDebe>
    <MonedaLocalHaber>0,00</MonedaLocalHaber>
    <NumeroApuntes>3</NumeroApuntes>
  </Totales>
  <Detalle>
    <Cuenta>669000</Cuenta>
    <Auxiliar1 />
    <Auxiliar2 />
    <Auxiliar3 />
    <DH>D</DH>
    <TipoExt>CF</TipoExt>
    <Descripcion>descripción</Descripcion>
    <PRD1909>152,25</PRD1909>
    <PRD1910>0,00</PRD1910>
    <PRD1911>125,89</PRD1911>
    <PRD1912>123.564,98</PRD1912>
  </Detalle>
  <Detalle />
</Comprobante>